"Codigo","mun","Ano","Prectotal","Desvpano","Maisde25ano","Maisde50ano","Semchuvano","seco","Excesso de precipitacao","nperiodos","pmaximo"
1,"Bacia (Valor Médio)",1961,1012.26896106936,6.6837997070563,8.09090909090909,1,263.545454545455,1,NA,2.81818181818182,65.6363636363636
1,"Bacia (Valor Médio)",1962,1413.26004816064,9.48217283414374,13.0909090909091,3.27272727272727,244.090909090909,NA,NA,1.90909090909091,26.8181818181818
1,"Bacia (Valor Médio)",1963,763.480084947659,5.77050530384028,5.45454545454545,0.636363636363636,283.727272727273,1,NA,4.18181818181818,66.4545454545455
1,"Bacia (Valor Médio)",1964,1230.10964305309,7.72311863807404,10.9090909090909,1.36363636363636,251.454545454545,NA,NA,1.18181818181818,25.8181818181818
1,"Bacia (Valor Médio)",1965,1676.34779025319,9.61029392603187,18.2727272727273,3.27272727272727,227.909090909091,NA,NA,1.63636363636364,35.9090909090909
1,"Bacia (Valor Médio)",1966,1311.62301149998,8.75725068844693,14.6363636363636,1.72727272727273,253.363636363636,NA,NA,1.72727272727273,46.0909090909091
1,"Bacia (Valor Médio)",1967,1361.96322583771,7.66617529725136,11.2727272727273,0.818181818181818,232.818181818182,NA,NA,3.90909090909091,35.9090909090909
1,"Bacia (Valor Médio)",1968,964.689608296945,7.02307789228215,7.81818181818182,0.818181818181818,274.909090909091,1,NA,3.09090909090909,33.7272727272727
1,"Bacia (Valor Médio)",1969,1111.09311613369,6.95891164542327,8.90909090909091,0.909090909090909,256.636363636364,1,NA,1.45454545454545,28.6363636363636
1,"Bacia (Valor Médio)",1970,1636.07169968459,10.4716106074298,17.1818181818182,4.45454545454545,242,NA,NA,2.72727272727273,32.8181818181818
1,"Bacia (Valor Médio)",1971,1275.1743414726,7.69656154092956,11.6363636363636,1.09090909090909,243.727272727273,NA,NA,1.81818181818182,26.5454545454545
1,"Bacia (Valor Médio)",1972,1449.95377645068,9.55196957829487,15.4545454545455,3.90909090909091,248.727272727273,NA,NA,2.09090909090909,29.0909090909091
1,"Bacia (Valor Médio)",1973,1471.81019675508,8.01405201628335,13.5454545454545,1.36363636363636,233.818181818182,NA,NA,1.09090909090909,23.1818181818182
1,"Bacia (Valor Médio)",1974,1383.64714560502,8.66897672067252,15.1818181818182,1.54545454545455,251.818181818182,NA,NA,1.72727272727273,47.0909090909091
1,"Bacia (Valor Médio)",1975,1373.7807127531,9.27369110107446,12.2727272727273,3.54545454545455,249.272727272727,NA,NA,2.27272727272727,48.1818181818182
1,"Bacia (Valor Médio)",1976,1940.93683732668,10.7999982967007,20.2727272727273,5.18181818181818,224.272727272727,NA,1,1,24.7272727272727
1,"Bacia (Valor Médio)",1977,1458.05254769527,9.31601977538489,14.0909090909091,2.63636363636364,251.636363636364,NA,NA,2.18181818181818,34.1818181818182
1,"Bacia (Valor Médio)",1978,1335.03498758596,10.1226559197753,16.2727272727273,3.36363636363636,268.454545454545,NA,NA,3.27272727272727,34
1,"Bacia (Valor Médio)",1979,1380.30539478097,8.70049126965783,13.4545454545455,2.09090909090909,247.181818181818,NA,NA,1.09090909090909,28.0909090909091
1,"Bacia (Valor Médio)",1980,1447.31517087837,8.70659527922257,15.8181818181818,1.72727272727273,246.272727272727,NA,NA,1.63636363636364,23.7272727272727
1,"Bacia (Valor Médio)",1981,1177.32829888255,8.38326778072884,12.4545454545455,1.63636363636364,263.545454545455,NA,NA,1.63636363636364,29.8181818181818
1,"Bacia (Valor Médio)",1982,1813.18383778934,10.818316517585,20.7272727272727,4.09090909090909,229.545454545455,NA,1,1.45454545454545,31.0909090909091
1,"Bacia (Valor Médio)",1983,2229.76196881651,11.9947927189331,28.4545454545455,4.72727272727273,216.818181818182,NA,1,1.09090909090909,30.1818181818182
1,"Bacia (Valor Médio)",1984,1138.94699387472,7.69150946590027,12.8181818181818,0.727272727272727,268.181818181818,NA,NA,2.54545454545455,41.8181818181818
1,"Bacia (Valor Médio)",1985,1094.19713131733,7.89429423033088,12.1818181818182,1.36363636363636,268.363636363636,1,NA,2.18181818181818,44.7272727272727
1,"Bacia (Valor Médio)",1986,1406.93509729839,8.73477289888279,14.9090909090909,1.54545454545455,243.454545454545,NA,NA,2.09090909090909,39.7272727272727
1,"Bacia (Valor Médio)",1987,1533.83109216243,10.4803122106426,17.5454545454545,3.72727272727273,255.636363636364,NA,NA,1.45454545454545,22.1818181818182
1,"Bacia (Valor Médio)",1988,1457.44511339027,9.74327341900408,16.5454545454545,3.27272727272727,260.818181818182,NA,NA,1.63636363636364,74.1818181818182
1,"Bacia (Valor Médio)",1989,1513.0624345086,9.91477508657334,19.0909090909091,2.81818181818182,259.272727272727,NA,NA,1.72727272727273,22.6363636363636
1,"Bacia (Valor Médio)",1990,1339.54058521138,8.94601109292663,13.5454545454545,2.36363636363636,254.636363636364,NA,NA,0.454545454545455,20.7272727272727
1,"Bacia (Valor Médio)",1991,1600.91293559132,10.2427537975028,18.4545454545455,3.72727272727273,254.454545454545,NA,NA,3.09090909090909,40.5454545454545
1,"Bacia (Valor Médio)",1992,1265.36660303328,8.25626719990997,12.8181818181818,1.90909090909091,256.909090909091,NA,NA,2.09090909090909,40.5454545454545
1,"Bacia (Valor Médio)",1993,1462.46742718459,9.28829943394062,15.6363636363636,2.54545454545455,254.545454545455,NA,NA,2,31.4545454545455
1,"Bacia (Valor Médio)",1994,1375.6413383449,10.2579360211494,15.6363636363636,4.54545454545455,271.181818181818,NA,NA,1.54545454545455,80.2727272727273
1,"Bacia (Valor Médio)",1995,1611.50213620252,10.3755457996749,19.8181818181818,4.54545454545455,252.545454545455,NA,NA,2.18181818181818,47
1,"Bacia (Valor Médio)",1996,1408.37267548494,9.18545569902802,15.7272727272727,2.72727272727273,255.636363636364,NA,NA,2.72727272727273,31.1818181818182
1,"Bacia (Valor Médio)",1997,1456.85151056544,9.04732188260932,16.7272727272727,2,256.272727272727,NA,NA,3.45454545454545,31.9090909090909
1,"Bacia (Valor Médio)",1998,1492.1284186221,9.17333431599196,15.4545454545455,2.90909090909091,242.363636363636,NA,NA,1.63636363636364,20.9090909090909
1,"Bacia (Valor Médio)",1999,1144.74302321761,8.53130894680046,13.4545454545455,1.81818181818182,274,NA,NA,2.27272727272727,52.5454545454545
1,"Bacia (Valor Médio)",2000,1300.03638382182,8.52957127957171,15.6363636363636,1.45454545454545,266.272727272727,NA,NA,2.63636363636364,39.4545454545455
1,"Bacia (Valor Médio)",2001,1326.27909584327,8.95987858662698,15.0909090909091,2.45454545454545,251.545454545455,NA,NA,2.18181818181818,27.2727272727273
1,"Bacia (Valor Médio)",2002,1187.37533671696,8.34103192530447,12.0909090909091,1.81818181818182,260.272727272727,NA,NA,2.63636363636364,47
1,"Bacia (Valor Médio)",2003,1194.7775199398,8.4404256692808,12.8181818181818,1.63636363636364,261.090909090909,NA,NA,2,35.0909090909091
1,"Bacia (Valor Médio)",2004,1334.35597598153,8.14233002448886,13.2727272727273,1.18181818181818,246,NA,NA,1.90909090909091,45.8181818181818
1,"Bacia (Valor Médio)",2005,1266.27397530171,9.55833307980798,12.7272727272727,2,260.181818181818,NA,NA,2.72727272727273,31.2727272727273
1,"Bacia (Valor Médio)",2006,1577.97759541191,10.5383340352413,19.4545454545455,4.18181818181818,254,NA,NA,2.63636363636364,33.5454545454545
1,"Bacia (Valor Médio)",2007,1423.3285729676,9.51773481913058,18.7272727272727,2.81818181818182,270.363636363636,NA,NA,2.81818181818182,50.2727272727273
1,"Bacia (Valor Médio)",2008,1543.97053645566,9.53960456023478,17.5454545454545,2.36363636363636,253.181818181818,NA,NA,2.54545454545455,41.8181818181818
1,"Bacia (Valor Médio)",2009,2002.12632470277,11.4724988055037,24,4.45454545454545,226.909090909091,NA,1,0.0909090909090909,16.6363636363636
1,"Bacia (Valor Médio)",2010,1539.39786587184,9.49934100125573,18.0909090909091,2.72727272727273,254.818181818182,NA,NA,2.18181818181818,52.4545454545455
1,"Bacia (Valor Médio)",2011,1729.1435332233,11.1209199866293,22.2727272727273,5.27272727272727,256.363636363636,NA,1,3.18181818181818,33.2727272727273
1,"Bacia (Valor Médio)",2012,1716.41959131614,10.6303329365779,21.5454545454545,4.36363636363636,251.636363636364,NA,1,1,61.7272727272727
1,"Bacia (Valor Médio)",2013,1371.36720104533,8.89534973315729,12.5454545454545,3.27272727272727,253.636363636364,NA,NA,1.90909090909091,34.1818181818182
1,"Bacia (Valor Médio)",2014,1089.28607893819,8.17285950581,12.2727272727273,1.81818181818182,271.272727272727,1,NA,2.72727272727273,36.2727272727273
3504107,"ATIBAIA",1961,1123.39292397889,7.3368587271589,8,1,251,1,NA,3,47
3504107,"ATIBAIA",1962,1350.20109278587,9.10232235302687,12,2,240,NA,NA,2,26
3504107,"ATIBAIA",1963,759.045198576157,5.5841979189531,6,0,278,1,NA,5,64
3504107,"ATIBAIA",1964,1328.44626160043,9.22114218606484,13,1,249,NA,NA,1,35
3504107,"ATIBAIA",1965,1691.2653131898,9.33012614339939,16,2,223,NA,NA,2,48
3504107,"ATIBAIA",1966,1297.2011357661,8.67549966853145,15,3,255,NA,NA,1,69
3504107,"ATIBAIA",1967,1342.07423663055,7.70739168696525,13,1,229,NA,NA,4,29
3504107,"ATIBAIA",1968,1168.0529860207,9.07611015249496,12,2,281,NA,NA,5,34
3504107,"ATIBAIA",1969,1283.03858966133,8.15552527108538,13,2,250,NA,NA,2,43
3504107,"ATIBAIA",1970,1699.83584554305,11.2268359668227,21,4,233,NA,NA,2,35
3504107,"ATIBAIA",1971,1573.85922100071,10.0804723524995,17,3,239,NA,NA,2,30
3504107,"ATIBAIA",1972,1536.74604693873,9.38549816923637,21,3,247,NA,NA,2,25
3504107,"ATIBAIA",1973,1534.1354350601,9.56239488615022,16,2,259,NA,NA,2,26
3504107,"ATIBAIA",1974,1330.53493989784,9.26793173742795,17,2,267,NA,NA,1,48
3504107,"ATIBAIA",1975,1330.81257789961,11.517385582134,13,5,265,NA,NA,2,60
3504107,"ATIBAIA",1976,1986.4927271557,11.6222249504003,26,5,234,NA,1,1,26
3504107,"ATIBAIA",1977,1453.67605044348,10.0501632242455,16,3,271,NA,NA,3,36
3504107,"ATIBAIA",1978,1192.26297224252,9.241926075854,17,2,284,NA,NA,4,35
3504107,"ATIBAIA",1979,1207.70795112736,7.44449209176595,11,0,260,NA,NA,1,29
3504107,"ATIBAIA",1980,1485.13861456055,9.78371338323933,18,3,255,NA,NA,2,20
3504107,"ATIBAIA",1981,1030.77329714864,7.72705322556301,11,0,278,1,NA,2,28
3504107,"ATIBAIA",1982,1724.95207792895,11.8278200875415,20,5,239,NA,1,1,34
3504107,"ATIBAIA",1983,2362.67590066901,13.1049351281388,32,8,227,NA,1,1,31
3504107,"ATIBAIA",1984,1224.87393808734,8.79668739488866,19,2,274,NA,NA,3,45
3504107,"ATIBAIA",1985,1122.04025860651,7.74983669945505,13,2,261,1,NA,2,46
3504107,"ATIBAIA",1986,1559.06358677795,9.54643408136594,16,3,237,NA,NA,1,22
3504107,"ATIBAIA",1987,1531.59659274399,10.8411487683917,15,4,246,NA,NA,2,23
3504107,"ATIBAIA",1988,1599.4572495686,9.79059897321472,17,3,255,NA,NA,1,77
3504107,"ATIBAIA",1989,1575.02268504762,10.3384578788059,19,4,261,NA,NA,3,29
3504107,"ATIBAIA",1990,1366.92406934238,7.62687127478326,13,0,248,NA,NA,0,19
3504107,"ATIBAIA",1991,1674.4784574128,11.049730402793,16,4,244,NA,NA,3,40
3504107,"ATIBAIA",1992,1431.31192740314,8.88568473362893,12,3,234,NA,NA,2,42
3504107,"ATIBAIA",1993,1758.33381510199,9.55416735973549,17,3,218,NA,1,2,25
3504107,"ATIBAIA",1994,1545.51662357299,11.6706576861133,19,5,262,NA,NA,2,66
3504107,"ATIBAIA",1995,1690.00193834691,11.4193693546333,17,6,239,NA,NA,2,42
3504107,"ATIBAIA",1996,1433.77792422047,10.8544201633738,15,7,243,NA,NA,3,27
3504107,"ATIBAIA",1997,1598.41280558052,11.3790064231067,22,5,246,NA,NA,2,30
3504107,"ATIBAIA",1998,1705.00098724944,11.1824288431141,20,7,233,NA,1,2,22
3504107,"ATIBAIA",1999,1341.69924668421,10.8226260302996,18,5,265,NA,NA,2,46
3504107,"ATIBAIA",2000,1426.91440816401,9.57741097177975,19,2,257,NA,NA,2,34
3504107,"ATIBAIA",2001,1257.6173838499,8.94862052442758,10,4,240,NA,NA,2,29
3504107,"ATIBAIA",2002,1258.93903250522,8.83964541333954,14,2,251,NA,NA,3,46
3504107,"ATIBAIA",2003,1335.66090528949,9.52385797050069,13,4,252,NA,NA,2,28
3504107,"ATIBAIA",2004,1645.59967109946,10.456814715891,16,2,245,NA,NA,1,59
3504107,"ATIBAIA",2005,1326.86720501197,8.64125507379951,10,1,246,NA,NA,2,24
3504107,"ATIBAIA",2006,1382.06980549745,9.74677842444806,15,5,249,NA,NA,2,34
3504107,"ATIBAIA",2007,1256.81171628965,8.89726744340065,18,1,272,NA,NA,3,38
3504107,"ATIBAIA",2008,1396.24606611415,8.86681440712393,15,1,257,NA,NA,1,38
3504107,"ATIBAIA",2009,1732.94554318577,10.7759791108891,17,5,227,NA,1,0,14
3504107,"ATIBAIA",2010,1220.96731497584,9.60357860130626,10,1,256,NA,NA,2,53
3504107,"ATIBAIA",2011,1373.2903762756,11.4959898703356,16,5,267,NA,NA,3,33
3504107,"ATIBAIA",2012,1383.07899955732,8.57110522312396,17,1,254,NA,NA,1,63
3504107,"ATIBAIA",2013,1036.10089493897,6.00904619749953,7,0,250,1,NA,2,24
3504107,"ATIBAIA",2014,898.446033353335,6.47425762260632,8,1,269,1,NA,2,35
3508405,"CABREÚVA",1961,1069.11221393216,6.60566144270702,5,2,245,1,NA,3,63
3508405,"CABREÚVA",1962,1228.93339631996,7.7347985539655,11,2,232,NA,NA,1,21
3508405,"CABREÚVA",1963,653.515566682436,4.86484736636921,3,0,281,1,NA,4,56
3508405,"CABREÚVA",1964,1116.88012668138,7.25034337500872,8,2,257,NA,NA,1,27
3508405,"CABREÚVA",1965,1649.77116675159,8.846521531412,15,2,219,NA,NA,2,36
3508405,"CABREÚVA",1966,1331.54410047684,9.2353577762783,18,1,248,NA,NA,1,44
3508405,"CABREÚVA",1967,1226.60201383855,6.71109616202792,6,0,234,NA,NA,3,44
3508405,"CABREÚVA",1968,921.543231036939,6.37826699635768,6,1,265,1,NA,1,33
3508405,"CABREÚVA",1969,1144.1455330276,6.94509101296943,10,0,246,NA,NA,0,19
3508405,"CABREÚVA",1970,1396.68551518271,9.08806611727498,15,3,256,NA,NA,2,43
3508405,"CABREÚVA",1971,1071.91417076958,6.93832228387183,8,0,267,1,NA,2,26
3508405,"CABREÚVA",1972,1542.95926411672,10.5710589160644,22,3,257,NA,NA,2,24
3508405,"CABREÚVA",1973,1728.69233289941,11.1982692482074,28,7,253,NA,1,0,19
3508405,"CABREÚVA",1974,1443.2688340278,11.5904071861234,16,4,267,NA,NA,2,24
3508405,"CABREÚVA",1975,1116.84123995608,8.04738996922694,8,2,246,NA,NA,3,61
3508405,"CABREÚVA",1976,1693.96040450332,9.59359142403574,15,4,231,NA,NA,1,21
3508405,"CABREÚVA",1977,1373.65567077479,11.2067889926793,14,4,272,NA,NA,2,36
3508405,"CABREÚVA",1978,1248.34560873978,12.0310801608815,14,4,279,NA,NA,4,32
3508405,"CABREÚVA",1979,1318.89453791862,9.95081550059158,16,3,268,NA,NA,1,29
3508405,"CABREÚVA",1980,1231.39455619222,8.54178791729537,13,3,261,NA,NA,1,20
3508405,"CABREÚVA",1981,1036.70629105364,8.56988309086079,9,4,268,1,NA,1,46
3508405,"CABREÚVA",1982,1979.7622909158,10.5989936860481,28,3,215,NA,1,1,33
3508405,"CABREÚVA",1983,2176.10556950161,11.321649150902,27,2,201,NA,1,1,30
3508405,"CABREÚVA",1984,1092.47601784461,6.92245562401432,10,0,260,NA,NA,3,23
3508405,"CABREÚVA",1985,1262.81521482545,8.68632446261263,17,2,252,NA,NA,2,35
3508405,"CABREÚVA",1986,1427.4937849661,8.65326800821434,15,2,235,NA,NA,2,52
3508405,"CABREÚVA",1987,1585.17467920394,10.5170558517404,20,5,251,NA,NA,2,23
3508405,"CABREÚVA",1988,1589.24997391434,10.4384534149346,20,4,257,NA,NA,2,51
3508405,"CABREÚVA",1989,1426.10005819338,9.36987397968992,16,2,255,NA,NA,1,22
3508405,"CABREÚVA",1990,1385.05720982366,10.4559796154386,11,5,259,NA,NA,0,19
3508405,"CABREÚVA",1991,1782.11326827064,11.5829608650404,19,5,249,NA,1,3,38
3508405,"CABREÚVA",1992,1321.12536268527,8.25678467432087,14,3,253,NA,NA,2,44
3508405,"CABREÚVA",1993,1587.63000884358,9.31113568251472,15,2,246,NA,NA,2,25
3508405,"CABREÚVA",1994,1461.80883806213,10.7660400193866,14,6,263,NA,NA,1,86
3508405,"CABREÚVA",1995,1716.96564766092,10.9548594647659,23,7,244,NA,NA,2,42
3508405,"CABREÚVA",1996,1743.92151011668,11.3649773724045,19,7,250,NA,1,1,21
3508405,"CABREÚVA",1997,1422.19310275193,8.36395428720023,18,1,259,NA,NA,4,32
3508405,"CABREÚVA",1998,1481.89114155256,9.08838673095705,14,2,238,NA,NA,1,21
3508405,"CABREÚVA",1999,1153.44057838967,8.30514301577107,14,1,270,NA,NA,2,45
3508405,"CABREÚVA",2000,1232.15950656503,8.29582462684498,17,1,267,NA,NA,2,44
3508405,"CABREÚVA",2001,1380.28117194472,9.74560499424467,15,4,255,NA,NA,2,24
3508405,"CABREÚVA",2002,1279.69680249441,10.1234487888828,10,2,261,NA,NA,3,46
3508405,"CABREÚVA",2003,1234.26319450285,8.25197288903204,16,1,265,NA,NA,2,34
3508405,"CABREÚVA",2004,1268.03810895278,7.41878167470185,8,1,241,NA,NA,2,39
3508405,"CABREÚVA",2005,1331.55248455639,9.40680114906335,14,2,246,NA,NA,2,23
3508405,"CABREÚVA",2006,1555.93837468321,9.28912449865082,17,2,232,NA,NA,2,41
3508405,"CABREÚVA",2007,1402.2655957824,8.67306852709762,18,2,247,NA,NA,2,63
3508405,"CABREÚVA",2008,1394.33454671272,7.71933355521152,14,0,238,NA,NA,3,40
3508405,"CABREÚVA",2009,2146.11454462815,11.881973882504,24,6,204,NA,1,0,17
3508405,"CABREÚVA",2010,1388.34208667269,7.85612424333379,13,0,248,NA,NA,2,52
3508405,"CABREÚVA",2011,1373.21313470643,8.55712590998596,16,1,247,NA,NA,3,29
3508405,"CABREÚVA",2012,1671.40192923129,10.1993317038414,19,2,252,NA,NA,1,63
3508405,"CABREÚVA",2013,1392.41594105829,8.95835915398651,13,3,245,NA,NA,2,38
3508405,"CABREÚVA",2014,1088.50521190807,7.80137558682452,7,3,266,1,NA,3,32
3509601,"CAMPO LIMPO PAULISTA",1961,713.561408098418,6.16228177134673,8,1,291,1,NA,2,112
3509601,"CAMPO LIMPO PAULISTA",1962,1393.92264588678,7.78655421777001,10,1,230,NA,NA,2,29
3509601,"CAMPO LIMPO PAULISTA",1963,851.079276736033,5.49952011323384,2,1,258,1,NA,5,39
3509601,"CAMPO LIMPO PAULISTA",1964,1477.86605286877,8.24338232042701,13,2,227,NA,NA,0,17
3509601,"CAMPO LIMPO PAULISTA",1965,1741.21195789948,8.75149023055344,22,0,218,NA,NA,1,36
3509601,"CAMPO LIMPO PAULISTA",1966,1503.13400953038,8.60967099826894,14,1,224,NA,NA,1,44
3509601,"CAMPO LIMPO PAULISTA",1967,1490.38361854101,7.09786648893674,9,0,208,NA,NA,5,30
3509601,"CAMPO LIMPO PAULISTA",1968,1002.72623597148,6.0978921276288,6,0,258,1,NA,1,34
3509601,"CAMPO LIMPO PAULISTA",1969,1129.00378170834,5.80789330152093,6,0,236,1,NA,1,23
3509601,"CAMPO LIMPO PAULISTA",1970,1838.64498521972,10.4760338497989,18,5,217,NA,NA,2,29
3509601,"CAMPO LIMPO PAULISTA",1971,1413.17823292866,6.6842873659375,7,0,206,NA,NA,1,23
3509601,"CAMPO LIMPO PAULISTA",1972,1430.63849028451,7.94756735021009,11,3,212,NA,NA,2,23
3509601,"CAMPO LIMPO PAULISTA",1973,1940.61133111076,7.67358614850655,11,0,161,NA,1,0,19
3509601,"CAMPO LIMPO PAULISTA",1974,1672.03356227444,7.76331784936338,13,0,201,NA,NA,2,23
3509601,"CAMPO LIMPO PAULISTA",1975,1845.03585376646,9.5805371707623,16,3,194,NA,NA,0,16
3509601,"CAMPO LIMPO PAULISTA",1976,2403.18651071164,11.1475516617622,23,7,165,NA,1,1,24
3509601,"CAMPO LIMPO PAULISTA",1977,1909.39360430731,8.7717845629484,16,2,185,NA,1,1,21
3509601,"CAMPO LIMPO PAULISTA",1978,1678.10668825442,10.2797454304286,20,4,221,NA,NA,2,23
3509601,"CAMPO LIMPO PAULISTA",1979,1719.95129669602,8.31039852209006,13,3,179,NA,NA,0,15
3509601,"CAMPO LIMPO PAULISTA",1980,1775.03087096548,8.32398343807157,11,1,206,NA,NA,1,23
3509601,"CAMPO LIMPO PAULISTA",1981,1305.15654950216,8.05396986758438,12,1,233,NA,NA,1,21
3509601,"CAMPO LIMPO PAULISTA",1982,1820.23927119551,9.54943457841306,15,3,198,NA,NA,2,32
3509601,"CAMPO LIMPO PAULISTA",1983,2240.9490787918,9.79141158169755,24,3,176,NA,1,1,30
3509601,"CAMPO LIMPO PAULISTA",1984,1216.47714037127,6.77878642000923,11,0,240,NA,NA,2,44
3509601,"CAMPO LIMPO PAULISTA",1985,1243.82450878938,7.50543873933452,12,0,246,NA,NA,2,35
3509601,"CAMPO LIMPO PAULISTA",1986,1557.99718899846,8.2562611956743,16,0,215,NA,NA,2,25
3509601,"CAMPO LIMPO PAULISTA",1987,1684.05087411881,11.3194042588526,19,5,244,NA,NA,1,20
3509601,"CAMPO LIMPO PAULISTA",1988,1619.51517234675,10.3335506359058,16,4,246,NA,NA,1,81
3509601,"CAMPO LIMPO PAULISTA",1989,1444.73772856519,8.74008439903051,18,1,253,NA,NA,1,21
3509601,"CAMPO LIMPO PAULISTA",1990,1439.55943824011,8.17029160011737,15,2,232,NA,NA,0,19
3509601,"CAMPO LIMPO PAULISTA",1991,1670.45357330233,10.2827864969704,19,4,248,NA,NA,3,40
3509601,"CAMPO LIMPO PAULISTA",1992,1371.35817260838,8.47132314535834,15,2,240,NA,NA,2,44
3509601,"CAMPO LIMPO PAULISTA",1993,1446.07418827316,8.69071487729618,15,1,244,NA,NA,2,38
3509601,"CAMPO LIMPO PAULISTA",1994,1420.35954389965,9.31595948019023,16,4,247,NA,NA,1,81
3509601,"CAMPO LIMPO PAULISTA",1995,1639.52720891477,8.98186467646491,18,2,217,NA,NA,2,43
3509601,"CAMPO LIMPO PAULISTA",1996,1400.0607136545,7.28233523538777,10,0,217,NA,NA,2,27
3509601,"CAMPO LIMPO PAULISTA",1997,1415.9583743938,6.86648045951727,8,0,223,NA,NA,3,32
3509601,"CAMPO LIMPO PAULISTA",1998,1502.05271967148,7.9784227471536,14,2,219,NA,NA,1,21
3509601,"CAMPO LIMPO PAULISTA",1999,1148.42937624166,7.16740841920997,9,0,252,NA,NA,2,44
3509601,"CAMPO LIMPO PAULISTA",2000,1365.08117162039,7.5552735253387,13,0,235,NA,NA,2,41
3509601,"CAMPO LIMPO PAULISTA",2001,1390.65589817636,7.75335178803286,9,2,229,NA,NA,3,30
3509601,"CAMPO LIMPO PAULISTA",2002,1138.87450737292,6.31625768048081,5,0,237,1,NA,2,37
3509601,"CAMPO LIMPO PAULISTA",2003,1173.26406604212,6.72281057494131,10,0,234,NA,NA,2,29
3509601,"CAMPO LIMPO PAULISTA",2004,1395.62346874259,7.01232135002402,11,0,220,NA,NA,2,59
3509601,"CAMPO LIMPO PAULISTA",2005,1391.6195600668,8.35060918641589,13,1,237,NA,NA,3,30
3509601,"CAMPO LIMPO PAULISTA",2006,1674.4822446455,9.20069767920396,21,2,234,NA,NA,3,34
3509601,"CAMPO LIMPO PAULISTA",2007,1582.10141414082,8.62123589727783,16,0,251,NA,NA,3,42
3509601,"CAMPO LIMPO PAULISTA",2008,1736.43517926064,8.60235714970113,16,1,224,NA,NA,3,40
3509601,"CAMPO LIMPO PAULISTA",2009,2180.81263931135,9.15682078489516,21,1,190,NA,1,0,14
3509601,"CAMPO LIMPO PAULISTA",2010,1768.0251152434,8.48501982152196,17,0,221,NA,NA,2,52
3509601,"CAMPO LIMPO PAULISTA",2011,1973.52642932362,9.61218724860326,19,1,224,NA,1,3,33
3509601,"CAMPO LIMPO PAULISTA",2012,1747.21731983521,8.81513080029392,16,0,222,NA,NA,1,63
3509601,"CAMPO LIMPO PAULISTA",2013,1357.56639602103,7.53668389939443,11,0,242,NA,NA,2,37
3509601,"CAMPO LIMPO PAULISTA",2014,1129.73488089983,7.11068030949762,10,0,251,1,NA,2,35
3520509,"INDAIATUBA",1961,878.94945462056,6.70792675868011,10,0,280,1,NA,3,64
3520509,"INDAIATUBA",1962,1266.69690275936,8.94476356763153,12,4,270,NA,NA,2,26
3520509,"INDAIATUBA",1963,770.629950104291,6.99172005596119,6,1,303,1,NA,3,62
3520509,"INDAIATUBA",1964,1309.27864921153,9.27751899602662,15,3,273,NA,NA,1,27
3520509,"INDAIATUBA",1965,1707.39483898141,11.505867283719,19,8,255,NA,1,2,36
3520509,"INDAIATUBA",1966,1155.91195984718,9.73585317857108,14,3,280,NA,NA,2,45
3520509,"INDAIATUBA",1967,1181.65460315886,7.66680219264266,13,1,261,NA,NA,4,32
3520509,"INDAIATUBA",1968,965.099438616389,8.85649507166078,12,3,294,1,NA,5,34
3520509,"INDAIATUBA",1969,1031.54105902779,6.83992073647923,9,1,274,NA,NA,2,25
3520509,"INDAIATUBA",1970,1616.83073439661,12.1624992537047,21,8,268,NA,NA,3,41
3520509,"INDAIATUBA",1971,1069.89252474225,6.64339310378253,8,0,270,NA,NA,2,24
3520509,"INDAIATUBA",1972,1772.54790600374,12.3318589038779,20,8,258,NA,1,2,33
3520509,"INDAIATUBA",1973,1063.40308501154,7.22266668971633,9,1,271,NA,NA,2,21
3520509,"INDAIATUBA",1974,1220.56293938006,8.71642319246694,14,2,279,NA,NA,2,68
3520509,"INDAIATUBA",1975,1339.26668244652,10.7583138850039,17,5,283,NA,NA,4,43
3520509,"INDAIATUBA",1976,1639.0761593363,10.1350274681034,20,3,261,NA,1,1,26
3520509,"INDAIATUBA",1977,1069.02888787807,7.91990668957064,11,1,283,NA,NA,3,35
3520509,"INDAIATUBA",1978,1162.65818543693,10.3738791830212,15,4,291,NA,NA,4,46
3520509,"INDAIATUBA",1979,1290.0492667261,8.67523169829357,14,1,275,NA,NA,1,38
3520509,"INDAIATUBA",1980,1231.0773233693,8.7313893534222,16,3,277,NA,NA,3,33
3520509,"INDAIATUBA",1981,1347.87089191775,10.9299827221677,19,8,286,NA,NA,1,21
3520509,"INDAIATUBA",1982,1900.32441534715,11.8719685534828,31,6,255,NA,1,1,34
3520509,"INDAIATUBA",1983,2482.1294172204,16.714820592432,37,11,255,NA,1,1,32
3520509,"INDAIATUBA",1984,1020.92186489014,8.0318453208971,16,1,300,1,NA,4,46
3520509,"INDAIATUBA",1985,1014.66891379806,9.63928344064961,15,4,305,1,NA,4,46
3520509,"INDAIATUBA",1986,1254.68999158084,8.82719854350781,15,1,277,NA,NA,2,52
3520509,"INDAIATUBA",1987,1357.20133162658,8.88539354565031,20,1,273,NA,NA,2,24
3520509,"INDAIATUBA",1988,1394.8886927315,9.71787385747223,22,2,279,NA,NA,1,91
3520509,"INDAIATUBA",1989,1299.82634410095,9.21153384744242,17,3,276,NA,NA,3,21
3520509,"INDAIATUBA",1990,1048.44740466088,8.10593097769306,15,1,287,NA,NA,2,29
3520509,"INDAIATUBA",1991,1457.88869940677,10.5844544785973,19,5,283,NA,NA,3,38
3520509,"INDAIATUBA",1992,1166.75568035559,8.72233646213392,12,4,277,NA,NA,2,44
3520509,"INDAIATUBA",1993,1503.7085551844,11.3770406284871,22,5,276,NA,NA,2,41
3520509,"INDAIATUBA",1994,1280.35363571834,10.8511523447442,15,8,294,NA,NA,2,69
3520509,"INDAIATUBA",1995,1501.9347592322,10.907867034976,18,7,281,NA,NA,3,56
3520509,"INDAIATUBA",1996,1267.53079133612,8.61725034221666,17,2,279,NA,NA,2,41
3520509,"INDAIATUBA",1997,1402.20664031485,10.0322177802917,21,3,285,NA,NA,5,32
3520509,"INDAIATUBA",1998,1396.82261056292,9.21946937243843,18,2,261,NA,NA,4,23
3520509,"INDAIATUBA",1999,1098.03217409014,10.1509657433425,13,3,295,NA,NA,2,53
3520509,"INDAIATUBA",2000,1227.39373426407,8.90528345052409,16,1,284,NA,NA,3,42
3520509,"INDAIATUBA",2001,1142.11229833678,8.54500266913516,17,2,277,NA,NA,2,24
3520509,"INDAIATUBA",2002,1123.69977223149,9.78204593346372,12,5,283,NA,NA,3,60
3520509,"INDAIATUBA",2003,1232.78806010165,11.8294047209686,14,3,285,NA,NA,3,47
3520509,"INDAIATUBA",2004,1214.73117465005,8.15949571287925,14,1,278,NA,NA,2,38
3520509,"INDAIATUBA",2005,1191.49660131892,10.8179234356689,17,1,289,NA,NA,3,32
3520509,"INDAIATUBA",2006,1472.74132493153,11.8429923005224,23,6,285,NA,NA,3,32
3520509,"INDAIATUBA",2007,1208.94153809909,9.20752014817857,20,2,292,NA,NA,2,64
3520509,"INDAIATUBA",2008,1219.93120685342,8.07891083268595,15,0,280,NA,NA,3,47
3520509,"INDAIATUBA",2009,1637.81650239723,11.3047376565111,20,5,262,NA,1,0,14
3520509,"INDAIATUBA",2010,1259.18286655423,9.14858946543067,16,3,283,NA,NA,2,53
3520509,"INDAIATUBA",2011,1425.2061938992,10.1723232832073,18,4,270,NA,NA,3,31
3520509,"INDAIATUBA",2012,1412.44445150608,9.99668798880645,18,3,286,NA,NA,1,63
3520509,"INDAIATUBA",2013,1308.67421531451,9.28315012694614,13,4,270,NA,NA,2,38
3520509,"INDAIATUBA",2014,998.232544542766,8.45635490234977,9,2,284,1,NA,4,42
3523909,"ITU",1961,873.965973444829,6.79289839042544,10,1,287,1,NA,3,81
3523909,"ITU",1962,1568.39313858798,16.730196499441,13,9,278,NA,1,1,30
3523909,"ITU",1963,367.920252804082,3.82446305564966,2,0,322,1,NA,3,109
3523909,"ITU",1964,552.434806166679,4.09841304309163,1,0,291,1,NA,4,38
3523909,"ITU",1965,1473.47538669366,10.0687734452446,20,4,244,NA,NA,3,36
3523909,"ITU",1966,968.530834950683,8.10347649260407,16,0,314,1,NA,2,43
3523909,"ITU",1967,1090.99684667601,7.78738517371014,16,1,287,NA,NA,4,53
3523909,"ITU",1968,722.392803442278,6.38850674265613,9,0,311,1,NA,5,35
3523909,"ITU",1969,954.829166447573,8.28723319735225,12,2,299,1,NA,3,65
3523909,"ITU",1970,1049.03099467061,7.66238309498315,9,1,283,NA,NA,3,33
3523909,"ITU",1971,975.836684979074,7.81795924952296,11,2,287,NA,NA,2,31
3523909,"ITU",1972,1224.03244431751,10.02622754558,18,5,298,NA,NA,3,33
3523909,"ITU",1973,1128.46074170152,7.28954691373681,14,0,272,NA,NA,2,26
3523909,"ITU",1974,1230.98124016972,8.00699151106814,17,0,259,NA,NA,2,49
3523909,"ITU",1975,1175.70736019328,8.10776198807291,9,3,261,NA,NA,3,61
3523909,"ITU",1976,1660.82994649198,9.29722956699651,18,2,235,NA,1,1,26
3523909,"ITU",1977,1223.06238155245,8.36074847442898,14,1,263,NA,NA,2,35
3523909,"ITU",1978,1222.68667210809,9.80211555719201,18,3,281,NA,NA,4,31
3523909,"ITU",1979,1193.56699163779,8.75630132235103,14,2,266,NA,NA,1,29
3523909,"ITU",1980,1239.26297173132,7.84752336654869,15,1,258,NA,NA,2,23
3523909,"ITU",1981,1025.8270479937,7.56057754668271,12,1,270,NA,NA,1,37
3523909,"ITU",1982,1805.7084138488,10.8704115565982,23,2,235,NA,1,2,33
3523909,"ITU",1983,2093.08066197388,11.7204361680194,25,3,231,NA,1,1,30
3523909,"ITU",1984,1005.65096628536,7.17156482045999,12,0,273,NA,NA,2,46
3523909,"ITU",1985,989.005922692686,6.91370107608774,8,0,276,NA,NA,2,46
3523909,"ITU",1986,1241.32509169896,7.79533430227617,14,1,251,NA,NA,2,52
3523909,"ITU",1987,1316.53694266466,8.65700519941537,13,2,253,NA,NA,2,23
3523909,"ITU",1988,1190.99054365095,7.49455351881891,9,1,262,NA,NA,2,51
3523909,"ITU",1989,1489.31513731079,10.1648690898191,18,4,257,NA,NA,2,30
3523909,"ITU",1990,1192.02793395052,8.32307361003699,11,3,253,NA,NA,0,19
3523909,"ITU",1991,1570.3469805784,9.20694551230636,17,2,250,NA,1,4,36
3523909,"ITU",1992,1007.26685424855,6.0789009858676,6,0,253,NA,NA,2,43
3523909,"ITU",1993,1295.12843434618,7.47122351102485,13,0,249,NA,NA,2,24
3523909,"ITU",1994,1063.37607678565,8.08707584785623,9,2,287,NA,NA,2,82
3523909,"ITU",1995,1539.76794871721,10.9137648588971,20,4,265,NA,NA,2,57
3523909,"ITU",1996,1227.5946322452,8.48820707521814,13,2,268,NA,NA,3,41
3523909,"ITU",1997,1385.52805239029,9.25653827649498,19,2,271,NA,NA,4,32
3523909,"ITU",1998,1372.2669130133,8.83997742934605,13,2,248,NA,NA,1,21
3523909,"ITU",1999,1001.46278946707,6.9734719772584,9,0,273,NA,NA,1,64
3523909,"ITU",2000,1130.78020159311,7.70582508092301,12,2,272,NA,NA,3,44
3523909,"ITU",2001,1353.82917001632,8.60672498466648,16,1,241,NA,NA,1,24
3523909,"ITU",2002,1226.23881620502,8.20697122707436,14,1,238,NA,NA,2,46
3523909,"ITU",2003,1119.89132145032,6.58782260249384,8,0,251,NA,NA,1,26
3523909,"ITU",2004,1303.80594590317,8.06642375157001,14,1,250,NA,NA,2,38
3523909,"ITU",2005,1073.43857916912,9.72094451992959,9,3,261,NA,NA,2,23
3523909,"ITU",2006,1305.50758285123,9.24995252814509,17,3,260,NA,NA,3,42
3523909,"ITU",2007,1116.09515014768,7.64912246882233,10,1,279,NA,NA,3,60
3523909,"ITU",2008,1383.68674076352,8.58975547712498,15,1,247,NA,NA,3,41
3523909,"ITU",2009,1681.79197704444,9.71292737131256,19,3,223,NA,1,0,18
3523909,"ITU",2010,1138.63419702435,6.89026511365287,12,0,245,NA,NA,3,53
3523909,"ITU",2011,1241.71995936352,8.64784713956012,14,2,267,NA,NA,4,29
3523909,"ITU",2012,1454.8104697267,9.02616968934995,16,2,241,NA,NA,1,63
3523909,"ITU",2013,1127.81932989942,7.14340300063391,9,1,241,NA,NA,2,38
3523909,"ITU",2014,999.922231011307,7.55801202058961,15,1,266,NA,NA,2,32
3524006,"ITUPEVA",1961,996.981656091787,6.8230314747233,8,0,276,NA,NA,3,47
3524006,"ITUPEVA",1962,1542.70250238327,9.82991954521934,19,3,255,NA,NA,2,25
3524006,"ITUPEVA",1963,866.116369486156,7.44933509284527,10,2,303,1,NA,5,61
3524006,"ITUPEVA",1964,1397.09540280263,10.0410880769484,20,3,258,NA,NA,1,20
3524006,"ITUPEVA",1965,2010.45977191369,13.7611132651822,26,11,236,NA,1,2,36
3524006,"ITUPEVA",1966,1375.53088016516,10.8824512011126,16,4,267,NA,NA,2,43
3524006,"ITUPEVA",1967,1600.82437782531,11.0093911085487,16,4,246,NA,NA,4,28
3524006,"ITUPEVA",1968,880.078314284649,6.78300026527509,8,0,288,1,NA,4,34
3524006,"ITUPEVA",1969,1305.98261512118,9.95840143834553,13,4,270,NA,NA,1,20
3524006,"ITUPEVA",1970,1875.40360918094,12.4549004155883,19,5,247,NA,1,3,30
3524006,"ITUPEVA",1971,1299.20179487919,8.88176416297363,16,3,264,NA,NA,2,29
3524006,"ITUPEVA",1972,1180.72650316331,10.1663605419363,16,4,291,NA,NA,2,47
3524006,"ITUPEVA",1973,1111.94948074866,7.09785504966691,11,0,285,NA,NA,1,23
3524006,"ITUPEVA",1974,1260.68842833135,9.11851485298065,19,2,297,NA,NA,2,94
3524006,"ITUPEVA",1975,735.230140600268,6.3812904004761,5,1,307,1,NA,5,76
3524006,"ITUPEVA",1976,1659.58650387773,11.1344067294298,13,5,276,NA,NA,2,27
3524006,"ITUPEVA",1977,1261.82805991596,9.95591177832057,17,5,305,NA,NA,4,66
3524006,"ITUPEVA",1978,1111.24909951829,10.0131392785379,13,3,303,NA,NA,4,38
3524006,"ITUPEVA",1979,1350.82785478315,10.7504871835164,17,5,305,NA,NA,4,50
3524006,"ITUPEVA",1980,1235.24896698889,10.1731597962383,17,4,292,NA,NA,4,31
3524006,"ITUPEVA",1981,983.866004771804,7.75207969173872,13,0,292,1,NA,3,41
3524006,"ITUPEVA",1982,1664.50893943858,11.6945029405336,22,8,263,NA,NA,1,34
3524006,"ITUPEVA",1983,2394.7749459497,14.8466455701835,33,9,248,NA,1,2,32
3524006,"ITUPEVA",1984,1069.84238256303,9.06434490961414,16,1,301,NA,NA,3,46
3524006,"ITUPEVA",1985,856.141345388379,8.63696312651953,12,2,302,1,NA,1,77
3524006,"ITUPEVA",1986,1189.85927084461,8.98823503982532,12,2,279,NA,NA,4,61
3524006,"ITUPEVA",1987,1172.53741351014,9.57919045471854,11,3,283,NA,NA,2,24
3524006,"ITUPEVA",1988,1395.52824815993,11.4620568923758,16,5,271,NA,NA,3,81
3524006,"ITUPEVA",1989,1661.51342978377,10.8800864275029,23,5,257,NA,NA,3,21
3524006,"ITUPEVA",1990,1220.82770118067,10.0389276410052,12,4,291,NA,NA,2,27
3524006,"ITUPEVA",1991,1635.6412256123,10.5599723940872,18,5,265,NA,NA,3,67
3524006,"ITUPEVA",1992,1114.82440073258,7.80246345539132,12,1,289,NA,NA,3,44
3524006,"ITUPEVA",1993,1364.4220856645,9.34903597011163,16,3,287,NA,NA,4,39
3524006,"ITUPEVA",1994,1408.45772807844,11.2993963855811,21,6,296,NA,NA,1,92
3524006,"ITUPEVA",1995,1679.44036582234,11.582469388804,27,5,285,NA,1,2,71
3524006,"ITUPEVA",1996,1447.87143414173,9.93353315969392,24,3,285,NA,NA,5,45
3524006,"ITUPEVA",1997,1464.87436997822,9.59590343999978,22,1,290,NA,NA,4,34
3524006,"ITUPEVA",1998,1581.38256524985,10.4397177686201,20,5,279,NA,NA,3,22
3524006,"ITUPEVA",1999,1216.73442310619,9.87469707536328,16,4,294,NA,NA,3,46
3524006,"ITUPEVA",2000,1388.22188727843,10.0025914430376,22,4,289,NA,NA,4,42
3524006,"ITUPEVA",2001,1269.43395640152,9.31847270442622,17,3,273,NA,NA,2,24
3524006,"ITUPEVA",2002,1253.32646295891,9.40300583981718,15,3,283,NA,NA,3,50
3524006,"ITUPEVA",2003,1125.0901848813,8.44923471549316,16,2,292,NA,NA,2,65
3524006,"ITUPEVA",2004,957.789853498563,7.37761988891079,13,1,283,1,NA,2,39
3524006,"ITUPEVA",2005,1059.53754982664,8.55956756416107,17,2,303,NA,NA,3,49
3524006,"ITUPEVA",2006,1525.76787230299,10.9406681402038,23,3,272,NA,NA,3,35
3524006,"ITUPEVA",2007,1364.83067589175,10.4350599350683,19,4,292,NA,NA,3,65
3524006,"ITUPEVA",2008,1261.25080263536,9.05750650010797,17,3,281,NA,NA,3,48
3524006,"ITUPEVA",2009,2216.23597995005,14.8648204356483,28,6,248,NA,1,0,19
3524006,"ITUPEVA",2010,1584.95692223869,11.4173105358262,24,5,284,NA,NA,2,53
3524006,"ITUPEVA",2011,1613.72242164556,11.7004980011245,20,6,282,NA,NA,3,45
3524006,"ITUPEVA",2012,1974.60565638448,13.4482243590661,30,10,273,NA,1,1,63
3524006,"ITUPEVA",2013,1551.98084834454,11.4404067037255,20,8,274,NA,NA,2,40
3524006,"ITUPEVA",2014,1261.9149312662,11.2013821266458,17,4,289,NA,NA,4,45
3525201,"JARINU",1961,942.456062748718,5.31859883666288,4,0,243,1,NA,3,70
3525201,"JARINU",1962,1460.51438403149,8.05712893163887,13,2,222,NA,NA,2,30
3525201,"JARINU",1963,922.280880937205,6.03222913665827,6,0,266,1,NA,4,63
3525201,"JARINU",1964,1410.0297817385,7.06451123226263,10,0,230,NA,NA,2,27
3525201,"JARINU",1965,1569.67972238257,7.78297665486453,11,1,213,NA,NA,1,36
3525201,"JARINU",1966,1234.69919802246,7.12205311406676,10,0,244,NA,NA,2,69
3525201,"JARINU",1967,1381.94390782805,6.43288301329499,6,0,208,NA,NA,4,29
3525201,"JARINU",1968,1017.4596327655,5.92434328760392,6,0,261,1,NA,4,34
3525201,"JARINU",1969,1055.44288387818,5.98304270686241,7,0,249,1,NA,1,20
3525201,"JARINU",1970,1662.37071691102,10.4215266279225,16,4,229,NA,NA,3,29
3525201,"JARINU",1971,1234.36029239038,6.55742764729448,9,0,226,NA,NA,2,24
3525201,"JARINU",1972,1370.12912906996,8.15241459445649,11,2,221,NA,NA,2,32
3525201,"JARINU",1973,1434.33950333749,6.80126049736404,8,0,213,NA,NA,2,26
3525201,"JARINU",1974,1392.86607794868,7.56939986450399,12,1,241,NA,NA,1,48
3525201,"JARINU",1975,1373.21237552669,9.94035925070692,9,5,255,NA,NA,3,60
3525201,"JARINU",1976,1896.11202045801,10.199670376669,14,4,221,NA,1,1,26
3525201,"JARINU",1977,1361.63864230846,8.44925497985674,12,1,258,NA,NA,3,35
3525201,"JARINU",1978,1164.76319495352,7.90825923783806,13,1,262,NA,NA,4,37
3525201,"JARINU",1979,1284.90934195759,7.00435165097232,9,0,247,NA,NA,1,29
3525201,"JARINU",1980,1365.9435158626,7.48865209270917,11,0,240,NA,NA,1,25
3525201,"JARINU",1981,1217.50277343303,7.72127513458802,13,0,251,NA,NA,2,23
3525201,"JARINU",1982,1832.4275537639,10.4176045997836,20,4,215,NA,1,0,19
3525201,"JARINU",1983,2375.39976673744,12.0269659637644,31,6,200,NA,1,1,31
3525201,"JARINU",1984,1346.21379065295,7.99123421843402,12,1,252,NA,NA,2,29
3525201,"JARINU",1985,1199.85166467386,7.40751907592444,12,1,251,NA,NA,2,35
3525201,"JARINU",1986,1606.11280750549,9.27460866535242,16,2,223,NA,NA,2,25
3525201,"JARINU",1987,1697.66160746442,9.97048687323288,16,3,227,NA,NA,0,19
3525201,"JARINU",1988,1536.98546336729,9.30072453891298,16,2,253,NA,NA,1,84
3525201,"JARINU",1989,1568.78613645879,9.13796284982024,22,0,247,NA,NA,1,21
3525201,"JARINU",1990,1259.68341908238,7.28181411398463,10,1,242,NA,NA,0,19
3525201,"JARINU",1991,1616.3891195127,9.56828125782073,20,2,240,NA,NA,3,40
3525201,"JARINU",1992,1375.39353843582,8.89605040260039,14,3,239,NA,NA,2,44
3525201,"JARINU",1993,1558.87290716815,8.86350391747474,13,2,237,NA,NA,1,25
3525201,"JARINU",1994,1406.3751542567,9.00930014167445,13,2,252,NA,NA,1,68
3525201,"JARINU",1995,1588.55672471491,8.68406576916124,18,1,232,NA,NA,2,39
3525201,"JARINU",1996,1614.56610125496,9.50231715249915,21,2,236,NA,NA,3,23
3525201,"JARINU",1997,1381.38163955484,8.29209463417708,13,1,251,NA,NA,3,32
3525201,"JARINU",1998,1384.9142623469,7.35424518488016,12,0,234,NA,NA,2,21
3525201,"JARINU",1999,1238.82250623962,9.27269466701896,17,2,273,NA,NA,3,45
3525201,"JARINU",2000,1492.34173150796,8.76408343059097,19,1,252,NA,NA,1,24
3525201,"JARINU",2001,1511.42580595733,9.26798952158165,15,3,240,NA,NA,1,24
3525201,"JARINU",2002,1081.6477196025,7.08158672993251,11,0,260,1,NA,3,46
3525201,"JARINU",2003,1444.36288616689,10.5160472574226,13,3,250,NA,NA,2,26
3525201,"JARINU",2004,1563.3329361687,9.0429977020311,13,3,225,NA,NA,1,58
3525201,"JARINU",2005,1411.86854463024,10.0524453177271,15,2,251,NA,NA,2,25
3525201,"JARINU",2006,1345.24327564299,8.9562583172626,14,2,254,NA,NA,3,33
3525201,"JARINU",2007,1352.91331014058,8.93471601019985,20,0,265,NA,NA,3,39
3525201,"JARINU",2008,1534.93775298825,9.307198432609,16,2,244,NA,NA,2,38
3525201,"JARINU",2009,1703.48926232193,9.07283177734857,16,2,224,NA,1,0,18
3525201,"JARINU",2010,1451.49819703449,8.81162424019225,17,1,244,NA,NA,2,52
3525201,"JARINU",2011,1703.51473530863,11.3604042665696,18,4,242,NA,1,3,33
3525201,"JARINU",2012,1701.63802872726,9.32954764311309,20,2,228,NA,1,1,62
3525201,"JARINU",2013,1215.77557391757,6.17321716723873,7,0,220,NA,NA,1,21
3525201,"JARINU",2014,968.42746901044,6.03089306514411,6,0,258,1,NA,2,28
3525904,"JUNDIAÍ",1961,1061.54746467655,6.1630973124347,6,0,255,1,NA,3,63
3525904,"JUNDIAÍ",1962,1504.98107912776,8.7238991904181,16,2,233,NA,NA,3,29
3525904,"JUNDIAÍ",1963,867.883891319728,5.95538032369396,7,1,265,1,NA,4,63
3525904,"JUNDIAÍ",1964,1477.46557892461,8.84933953086075,14,2,232,NA,NA,1,25
3525904,"JUNDIAÍ",1965,1710.24946030318,8.86189496343416,23,1,224,NA,NA,1,36
3525904,"JUNDIAÍ",1966,1465.79969802702,8.41684225597605,14,1,228,NA,NA,3,43
3525904,"JUNDIAÍ",1967,1466.46809538426,7.32057161399121,13,0,215,NA,NA,5,30
3525904,"JUNDIAÍ",1968,1006.99735035978,6.38278116836961,6,0,261,1,NA,3,33
3525904,"JUNDIAÍ",1969,1118.5673373412,5.96339455999253,6,0,247,NA,NA,1,28
3525904,"JUNDIAÍ",1970,1903.51449461346,11.1362469289258,22,6,221,NA,NA,3,29
3525904,"JUNDIAÍ",1971,1432.18583919679,7.59720725436446,14,0,213,NA,NA,2,26
3525904,"JUNDIAÍ",1972,1545.82006857168,8.60112228613925,10,3,219,NA,NA,2,23
3525904,"JUNDIAÍ",1973,1665.87547111298,6.85505487285585,11,0,168,NA,NA,0,19
3525904,"JUNDIAÍ",1974,1450.58300209757,7.93068783189433,13,2,217,NA,NA,2,25
3525904,"JUNDIAÍ",1975,1449.66135234086,7.71662074368697,11,0,207,NA,NA,0,16
3525904,"JUNDIAÍ",1976,2068.23270669333,10.1682619214034,21,5,190,NA,NA,1,24
3525904,"JUNDIAÍ",1977,1586.16763795303,8.20585717023174,10,2,203,NA,NA,1,21
3525904,"JUNDIAÍ",1978,1541.31217984123,10.3730905392566,13,3,247,NA,NA,2,32
3525904,"JUNDIAÍ",1979,1418.75111359859,7.46697062976983,11,1,209,NA,NA,0,16
3525904,"JUNDIAÍ",1980,1688.42567310243,8.36256753150239,17,0,201,NA,NA,0,19
3525904,"JUNDIAÍ",1981,1287.00425727049,8.09650721013179,12,1,239,NA,NA,2,25
3525904,"JUNDIAÍ",1982,1819.92376500014,10.1088709145033,15,2,203,NA,NA,2,32
3525904,"JUNDIAÍ",1983,2218.16771039535,10.0062923887194,26,2,193,NA,1,1,29
3525904,"JUNDIAÍ",1984,1269.06956705575,7.58075813118488,12,1,245,NA,NA,2,45
3525904,"JUNDIAÍ",1985,1138.46348492903,7.81413301242259,11,1,249,NA,NA,2,35
3525904,"JUNDIAÍ",1986,1477.02165649956,8.98713628138527,13,2,225,NA,NA,2,30
3525904,"JUNDIAÍ",1987,1692.8132127096,11.1606746478408,19,4,262,NA,NA,1,20
3525904,"JUNDIAÍ",1988,1366.5160834755,9.67657166343677,16,5,264,NA,NA,2,84
3525904,"JUNDIAÍ",1989,1438.19167333658,9.90457558802183,16,3,268,NA,NA,1,21
3525904,"JUNDIAÍ",1990,1581.82645229405,11.0245524864351,16,3,248,NA,NA,0,19
3525904,"JUNDIAÍ",1991,1398.5348539297,9.25687620589253,20,4,264,NA,NA,3,41
3525904,"JUNDIAÍ",1992,1335.44705396434,8.58446175105887,15,0,268,NA,NA,2,44
3525904,"JUNDIAÍ",1993,1593.63559244965,10.6743990052059,22,5,259,NA,NA,2,39
3525904,"JUNDIAÍ",1994,1427.60174787062,11.0785219584654,18,4,269,NA,NA,2,88
3525904,"JUNDIAÍ",1995,1556.7137646121,10.5763953281242,21,5,267,NA,NA,2,42
3525904,"JUNDIAÍ",1996,1220.81108173104,8.15820277634395,15,1,277,NA,NA,3,23
3525904,"JUNDIAÍ",1997,1409.12997963788,8.89873788807595,14,2,273,NA,NA,3,32
3525904,"JUNDIAÍ",1998,1505.96391367998,10.2331366418941,19,4,266,NA,NA,1,22
3525904,"JUNDIAÍ",1999,1029.5675656534,7.83471986956655,14,1,289,1,NA,3,65
3525904,"JUNDIAÍ",2000,1146.69927388681,8.17743956795818,11,2,284,NA,NA,3,44
3525904,"JUNDIAÍ",2001,1279.47702498555,10.4823539334137,20,2,285,NA,NA,4,32
3525904,"JUNDIAÍ",2002,1025.03049362119,7.97340491003563,14,2,291,1,NA,2,50
3525904,"JUNDIAÍ",2003,949.566053148097,7.42738895053301,15,1,294,1,NA,3,34
3525904,"JUNDIAÍ",2004,1259.1969269003,8.49119721503828,17,1,267,NA,NA,3,38
3525904,"JUNDIAÍ",2005,1277.94706709802,10.7867166859691,14,3,275,NA,NA,4,46
3525904,"JUNDIAÍ",2006,2270.48782392601,14.9202257049342,26,10,259,NA,1,2,26
3525904,"JUNDIAÍ",2007,1914.11771550018,13.4775265904409,30,11,289,NA,NA,3,42
3525904,"JUNDIAÍ",2008,2066.1122892238,14.3015373262252,27,9,274,NA,NA,3,47
3525904,"JUNDIAÍ",2009,2532.56837553938,15.2668062791124,41,7,275,NA,1,1,23
3525904,"JUNDIAÍ",2010,2440.59858126181,15.5894347255548,37,12,283,NA,1,3,52
3525904,"JUNDIAÍ",2011,2841.60634703918,16.7528160784737,49,17,275,NA,1,3,35
3525904,"JUNDIAÍ",2012,2148.18133222245,14.8647871476541,30,12,289,NA,1,1,63
3525904,"JUNDIAÍ",2013,1883.30662561591,14.5366150926218,21,10,293,NA,NA,3,43
3525904,"JUNDIAÍ",2014,1196.24252778346,10.3638493422085,20,4,309,NA,NA,4,44
3528502,"MAIRIPORÃ",1961,1589.41972034597,10.270323018831,19,6,253,NA,NA,3,47
3528502,"MAIRIPORÃ",1962,1494.02013383474,9.76544982658239,15,5,245,NA,NA,2,26
3528502,"MAIRIPORÃ",1963,995.648305229571,7.48480682489523,12,1,286,1,NA,6,43
3528502,"MAIRIPORÃ",1964,1307.44529492497,7.91659928198682,11,0,253,NA,NA,0,15
3528502,"MAIRIPORÃ",1965,1611.20286283605,9.4328257517744,15,3,241,NA,NA,2,23
3528502,"MAIRIPORÃ",1966,1595.10801799805,10.1958330299625,21,5,243,NA,NA,2,30
3528502,"MAIRIPORÃ",1967,1562.13412824388,8.98555936808922,13,2,224,NA,NA,3,30
3528502,"MAIRIPORÃ",1968,1174.48682281155,9.74217263764525,10,3,271,1,NA,1,33
3528502,"MAIRIPORÃ",1969,1117.7971075686,6.6589780516719,12,0,262,1,NA,1,20
3528502,"MAIRIPORÃ",1970,1797.78773704545,12.1460663407888,19,7,250,NA,NA,3,24
3528502,"MAIRIPORÃ",1971,1388.54103952364,8.39970152891818,14,2,244,NA,NA,1,24
3528502,"MAIRIPORÃ",1972,1282.43336753073,8.43027274831118,12,3,253,NA,NA,2,24
3528502,"MAIRIPORÃ",1973,1469.0829203279,9.29592615894676,13,4,250,NA,NA,1,25
3528502,"MAIRIPORÃ",1974,1303.10745289653,8.66076083974598,15,2,263,NA,NA,1,49
3528502,"MAIRIPORÃ",1975,1387.36861055458,9.67537838126804,14,6,255,NA,NA,2,60
3528502,"MAIRIPORÃ",1976,2016.58818142199,11.7007961153539,28,7,236,NA,1,1,26
3528502,"MAIRIPORÃ",1977,1563.11966788511,10.6573675816261,16,3,263,NA,NA,2,35
3528502,"MAIRIPORÃ",1978,1384.24617166553,10.2861544962066,19,5,272,NA,NA,4,35
3528502,"MAIRIPORÃ",1979,1272.57852796216,7.87928017938986,13,1,253,NA,NA,1,29
3528502,"MAIRIPORÃ",1980,1487.82674292039,9.24506692871971,20,3,251,NA,NA,1,23
3528502,"MAIRIPORÃ",1981,1364.90400092649,9.20801726142653,17,1,261,NA,NA,1,20
3528502,"MAIRIPORÃ",1982,1809.0210731816,11.2228092628092,16,4,240,NA,NA,2,25
3528502,"MAIRIPORÃ",1983,2009.04826137028,10.8869088958628,24,3,229,NA,1,1,28
3528502,"MAIRIPORÃ",1984,1152.24225103899,8.55301689846626,15,2,277,1,NA,2,46
3528502,"MAIRIPORÃ",1985,1138.64736576632,7.93204552343619,12,1,269,1,NA,2,46
3528502,"MAIRIPORÃ",1986,1458.73353059065,8.9704473717142,17,2,248,NA,NA,2,36
3528502,"MAIRIPORÃ",1987,1873.21469441037,14.4077106554547,25,5,255,NA,1,1,20
3528502,"MAIRIPORÃ",1988,1745.90446966054,11.3776505845114,24,4,257,NA,NA,1,80
3528502,"MAIRIPORÃ",1989,1721.16740135981,10.4448617786672,19,4,252,NA,NA,1,21
3528502,"MAIRIPORÃ",1990,1443.61128954853,7.85552191680358,17,0,244,NA,NA,0,19
3528502,"MAIRIPORÃ",1991,1834.88522095214,12.0979556893422,21,4,248,NA,NA,2,27
3528502,"MAIRIPORÃ",1992,1472.55835731377,9.92339513703886,20,4,254,NA,NA,2,29
3528502,"MAIRIPORÃ",1993,1276.15488342668,7.57412463111686,8,2,241,NA,NA,1,25
3528502,"MAIRIPORÃ",1994,1485.46427698685,10.2320557510237,17,4,263,NA,NA,1,81
3528502,"MAIRIPORÃ",1995,1832.82935084455,10.9413343698082,18,6,246,NA,NA,2,40
3528502,"MAIRIPORÃ",1996,1805.68231000946,10.4391636886154,20,3,230,NA,NA,2,27
3528502,"MAIRIPORÃ",1997,1853.78378783535,10.5748994231782,22,4,229,NA,1,2,31
3528502,"MAIRIPORÃ",1998,1648.76487954895,8.88183532987645,15,2,213,NA,NA,1,21
3528502,"MAIRIPORÃ",1999,1308.80744966924,8.11509606980504,15,1,243,NA,NA,1,63
3528502,"MAIRIPORÃ",2000,1606.72592339491,8.75488047740508,19,0,236,NA,NA,2,31
3528502,"MAIRIPORÃ",2001,1524.10356616577,8.41689183479368,16,1,216,NA,NA,2,30
3528502,"MAIRIPORÃ",2002,1444.28789604506,7.81554579021846,13,1,234,NA,NA,3,37
3528502,"MAIRIPORÃ",2003,1334.45594632536,7.75061067126307,11,2,225,NA,NA,1,26
3528502,"MAIRIPORÃ",2004,1608.75579870413,8.02746270356055,16,0,208,NA,NA,1,39
3528502,"MAIRIPORÃ",2005,1512.20138022952,8.67408550687841,13,1,215,NA,NA,1,24
3528502,"MAIRIPORÃ",2006,1523.62022605899,9.14786331850852,16,2,225,NA,NA,3,31
3528502,"MAIRIPORÃ",2007,1550.59014302653,8.97079138677993,19,2,239,NA,NA,3,38
3528502,"MAIRIPORÃ",2008,1622.49900712761,8.70829368370342,19,0,227,NA,NA,1,40
3528502,"MAIRIPORÃ",2009,2126.45118880041,10.8971857374767,22,3,180,NA,1,0,13
3528502,"MAIRIPORÃ",2010,1468.7595406475,6.84444599525637,9,0,213,NA,NA,1,52
3528502,"MAIRIPORÃ",2011,1679.56971701373,10.2820142575579,17,5,223,NA,NA,3,32
3528502,"MAIRIPORÃ",2012,1903.62668514021,9.6604908371157,21,1,203,NA,1,1,50
3528502,"MAIRIPORÃ",2013,1375.63214861985,6.74133973047858,7,0,223,NA,NA,1,21
3528502,"MAIRIPORÃ",2014,1248.29929677741,7.35473475509225,8,2,227,1,NA,2,30
3545209,"SALTO",1961,933.937026697554,5.94905343808337,8,0,263,1,NA,2,64
3545209,"SALTO",1962,1249.47796599719,9.14342055966439,9,5,248,NA,NA,1,24
3545209,"SALTO",1963,475.954729449701,3.91918843360393,2,0,296,1,NA,3,108
3545209,"SALTO",1964,681.15422495518,4.44653261597561,3,0,262,1,NA,1,28
3545209,"SALTO",1965,1552.2940109888,8.48393019769556,13,3,212,NA,1,1,36
3545209,"SALTO",1966,1016.7296315957,6.82139754967281,8,0,254,NA,NA,1,34
3545209,"SALTO",1967,1140.82209595036,6.27470651205815,7,0,234,NA,NA,3,45
3545209,"SALTO",1968,758.688800948436,5.41235914516171,5,0,276,1,NA,3,34
3545209,"SALTO",1969,970.965598772239,6.12898532822112,6,1,245,NA,NA,3,24
3545209,"SALTO",1970,1269.65205660264,7.57123552466724,10,1,237,NA,NA,3,32
3545209,"SALTO",1971,1160.96857974322,7.91589828402028,10,2,252,NA,NA,2,29
3545209,"SALTO",1972,1520.59290322153,11.2837410641136,17,7,263,NA,NA,2,33
3545209,"SALTO",1973,936.45959617079,6.46059289306043,7,0,290,NA,NA,2,32
3545209,"SALTO",1974,1148.06685224858,8.42488087040412,17,1,281,NA,NA,3,68
3545209,"SALTO",1975,1181.42515708365,9.10629201949096,8,5,281,NA,NA,3,61
3545209,"SALTO",1976,1584.50190187453,10.1315919764591,19,4,260,NA,1,1,30
3545209,"SALTO",1977,1183.5012646388,9.07047936928403,13,3,286,NA,NA,2,35
3545209,"SALTO",1978,1136.66442397909,9.86140727130722,17,3,298,NA,NA,4,46
3545209,"SALTO",1979,1160.63729711975,9.67289252636778,14,3,285,NA,NA,2,29
3545209,"SALTO",1980,1225.86771846271,8.4835195953822,21,0,282,NA,NA,3,25
3545209,"SALTO",1981,990.143400371809,7.92080081320022,11,1,290,NA,NA,2,41
3545209,"SALTO",1982,1757.90148832708,11.3086764166852,20,6,263,NA,1,2,34
3545209,"SALTO",1983,1945.01571307334,11.8172260564021,29,3,251,NA,1,1,30
3545209,"SALTO",1984,879.525126821929,6.88713444164177,8,0,292,1,NA,3,46
3545209,"SALTO",1985,930.229613544815,7.29072749567479,11,1,291,1,NA,2,46
3545209,"SALTO",1986,1184.54705819689,8.5635195761664,17,1,273,NA,NA,2,52
3545209,"SALTO",1987,1264.77437780514,9.21400072383884,16,4,270,NA,NA,2,28
3545209,"SALTO",1988,1177.15675428781,8.39901551129723,12,2,273,NA,NA,3,51
3545209,"SALTO",1989,1588.27661157072,11.7643443561762,24,4,266,NA,1,2,21
3545209,"SALTO",1990,1200.44743612359,9.8228087809353,13,5,272,NA,NA,1,20
3545209,"SALTO",1991,1474.14547041458,9.4247554203061,19,2,265,NA,NA,4,39
3545209,"SALTO",1992,971.604644942149,7.26534114735167,7,1,280,NA,NA,2,43
3545209,"SALTO",1993,1164.34184904895,9.58090377501381,13,3,297,NA,NA,2,26
3545209,"SALTO",1994,1197.17500700139,10.5221114817254,15,4,301,NA,NA,2,86
3545209,"SALTO",1995,1394.4104829312,9.77566026207277,20,4,270,NA,NA,3,43
3545209,"SALTO",1996,1023.39866923502,9.2503756229877,10,3,306,NA,NA,5,48
3545209,"SALTO",1997,1253.25700582701,8.86075949983042,13,3,285,NA,NA,5,32
3545209,"SALTO",1998,1312.3107202187,9.18499814162373,9,3,274,NA,NA,2,21
3545209,"SALTO",1999,973.406110458926,8.30635026331247,14,2,308,NA,NA,4,64
3545209,"SALTO",2000,1083.40775138457,8.62214594969876,15,1,301,NA,NA,4,44
3545209,"SALTO",2001,1178.19265274625,8.32093533205695,15,3,259,NA,NA,2,28
3545209,"SALTO",2002,1155.83065061899,8.88820715866034,13,3,267,NA,NA,3,50
3545209,"SALTO",2003,1175.66993220801,8.87859846551904,14,2,264,NA,NA,2,36
3545209,"SALTO",2004,1191.77769101304,8.14945948818999,14,2,266,NA,NA,2,59
3545209,"SALTO",2005,992.871929275374,10.2900812457757,8,3,294,NA,NA,3,32
3545209,"SALTO",2006,1275.57456990847,10.5213687004237,19,3,290,NA,NA,3,35
3545209,"SALTO",2007,1117.92051367152,8.71724449658572,11,2,294,NA,NA,3,60
3545209,"SALTO",2008,1444.57913925543,10.1145752016737,17,3,278,NA,NA,3,41
3545209,"SALTO",2009,1644.65791856859,10.8368226407234,19,5,255,NA,1,0,18
3545209,"SALTO",2010,1037.94601999259,7.38127101385641,14,0,283,NA,NA,3,53
3545209,"SALTO",2011,1315.40981105687,10.0906864130023,17,4,284,NA,NA,4,31
3545209,"SALTO",2012,1492.42484146297,10.7018003284756,23,5,273,NA,NA,1,63
3545209,"SALTO",2013,1142.34470671255,8.08628741639822,12,3,270,NA,NA,2,38
3545209,"SALTO",2014,1029.10498257409,8.68541569881681,16,1,285,NA,NA,2,32
3556503,"VÁRZEA PAULISTA",1961,951.634667127478,5.39206560656586,3,0,255,1,NA,3,64
3556503,"VÁRZEA PAULISTA",1962,1486.01728805267,8.48544793022309,14,1,232,NA,NA,3,29
3556503,"VÁRZEA PAULISTA",1963,868.206513098892,5.86987002037937,4,1,263,1,NA,4,63
3556503,"VÁRZEA PAULISTA",1964,1473.10989370928,8.54543436016139,12,2,234,NA,NA,1,25
3556503,"VÁRZEA PAULISTA",1965,1722.82120084481,8.8877137190713,21,1,222,NA,NA,1,36
3556503,"VÁRZEA PAULISTA",1966,1483.66366012018,8.5313223078717,15,1,230,NA,NA,2,43
3556503,"VÁRZEA PAULISTA",1967,1497.69156013794,7.33427494949996,12,0,215,NA,NA,4,45
3556503,"VÁRZEA PAULISTA",1968,994.0600750087,6.21192922024971,6,0,258,1,NA,2,33
3556503,"VÁRZEA PAULISTA",1969,1110.71060491653,5.81956249515525,4,0,245,NA,NA,1,28
3556503,"VÁRZEA PAULISTA",1970,1887.03200716433,10.8419225612508,19,5,221,NA,NA,3,36
3556503,"VÁRZEA PAULISTA",1971,1406.97937604506,7.14574371703976,14,0,213,NA,NA,2,26
3556503,"VÁRZEA PAULISTA",1972,1542.86541773902,8.17554324131797,12,2,217,NA,NA,2,23
3556503,"VÁRZEA PAULISTA",1973,2176.90226682478,8.6974188209056,21,1,150,NA,1,0,19
3556503,"VÁRZEA PAULISTA",1974,1767.42527238263,8.3094281914188,14,1,198,NA,NA,1,22
3556503,"VÁRZEA PAULISTA",1975,2177.0264899161,11.17927272099,25,4,188,NA,1,0,16
3556503,"VÁRZEA PAULISTA",1976,2741.73814806894,13.6696290730946,26,11,158,NA,1,0,16
3556503,"VÁRZEA PAULISTA",1977,2053.50615699046,9.82795470604179,16,4,179,NA,NA,1,21
3556503,"VÁRZEA PAULISTA",1978,1843.08966670621,11.1784178870047,20,5,215,NA,NA,0,19
3556503,"VÁRZEA PAULISTA",1979,1965.48516306355,9.79418266112778,16,4,172,NA,NA,0,16
3556503,"VÁRZEA PAULISTA",1980,1955.24992550621,8.79118466831932,15,1,186,NA,NA,0,19
3556503,"VÁRZEA PAULISTA",1981,1360.85677331849,8.67579902407333,8,1,231,NA,NA,2,25
3556503,"VÁRZEA PAULISTA",1982,1830.25292673525,9.53038909703616,18,2,199,NA,NA,2,32
3556503,"VÁRZEA PAULISTA",1983,2230.03463129879,9.70542841214267,25,2,174,NA,1,1,29
3556503,"VÁRZEA PAULISTA",1984,1251.12388701054,6.82877594529263,10,0,236,NA,NA,2,44
3556503,"VÁRZEA PAULISTA",1985,1140.48015147615,7.26126388152255,11,1,250,NA,NA,3,45
3556503,"VÁRZEA PAULISTA",1986,1519.44210262274,8.22005882222849,13,1,215,NA,NA,2,30
3556503,"VÁRZEA PAULISTA",1987,1696.58028752906,10.7313633379328,19,5,248,NA,NA,1,20
3556503,"VÁRZEA PAULISTA",1988,1415.70359612972,9.1849580181644,14,4,252,NA,NA,1,85
3556503,"VÁRZEA PAULISTA",1989,1430.74957386704,9.10587575733057,18,1,260,NA,NA,1,21
3556503,"VÁRZEA PAULISTA",1990,1596.53408307844,9.70035000495985,16,2,225,NA,NA,0,19
3556503,"VÁRZEA PAULISTA",1991,1495.16542211214,9.0555730493748,15,4,243,NA,NA,3,40
3556503,"VÁRZEA PAULISTA",1992,1351.38664067644,7.93219730425891,14,0,239,NA,NA,2,25
3556503,"VÁRZEA PAULISTA",1993,1538.83937952321,9.72504441536556,18,2,246,NA,NA,2,39
3556503,"VÁRZEA PAULISTA",1994,1435.56608956113,10.0050251358823,15,5,249,NA,NA,2,84
3556503,"VÁRZEA PAULISTA",1995,1586.37530643059,9.39335328871588,18,3,232,NA,NA,2,42
3556503,"VÁRZEA PAULISTA",1996,1306.88426238912,7.14923010056724,9,0,221,NA,NA,1,20
3556503,"VÁRZEA PAULISTA",1997,1438.64085795516,7.3999485968302,12,0,207,NA,NA,3,32
3556503,"VÁRZEA PAULISTA",1998,1522.04189174905,8.50405928600784,16,3,201,NA,NA,0,15
3556503,"VÁRZEA PAULISTA",1999,1081.77103539358,7.02122528385728,9,1,252,1,NA,2,43
3556503,"VÁRZEA PAULISTA",2000,1200.67463238074,7.46452555118773,9,2,252,NA,NA,3,44
3556503,"VÁRZEA PAULISTA",2001,1301.9411256955,9.15271616611789,16,2,252,NA,NA,3,31
3556503,"VÁRZEA PAULISTA",2002,1073.55655023087,7.32123170644385,12,1,258,1,NA,2,49
3556503,"VÁRZEA PAULISTA",2003,1017.54016922174,6.9069335439214,11,0,260,1,NA,2,35
3556503,"VÁRZEA PAULISTA",2004,1269.2641601641,7.36305606658059,10,1,223,NA,NA,3,38
3556503,"VÁRZEA PAULISTA",2005,1359.61282713583,9.84123419249921,10,3,245,NA,NA,5,36
3556503,"VÁRZEA PAULISTA",2006,2026.32044908265,12.1057447753516,23,8,234,NA,NA,2,26
3556503,"VÁRZEA PAULISTA",2007,1790.02652995345,11.1115301065847,25,6,254,NA,NA,3,42
3556503,"VÁRZEA PAULISTA",2008,1923.66317007734,11.5893675964158,22,6,235,NA,NA,3,40
3556503,"VÁRZEA PAULISTA",2009,2420.50563998314,12.4265811841192,37,6,208,NA,1,0,15
3556503,"VÁRZEA PAULISTA",2010,2174.46568294462,12.4650872578814,30,8,243,NA,NA,2,52
3556503,"VÁRZEA PAULISTA",2011,2479.79973982394,13.6582273845026,41,9,239,NA,1,3,35
3556503,"VÁRZEA PAULISTA",2012,1991.18579068359,12.3203865815171,27,10,247,NA,NA,1,63
3556503,"VÁRZEA PAULISTA",2013,1693.42253105604,11.9403385758068,18,7,262,NA,NA,2,38
3556503,"VÁRZEA PAULISTA",2014,1163.31675919323,8.86449913413474,19,2,280,NA,NA,3,44
